AK,1
AK,3
AK,4
AK,5
AK,6
AK,7
AK,8
AK,9
AK,10
AK,11
AK,12
AK,13
AL,1
AL,2
AL,3
AL,4
AL,5
AL,6
AL,7
AL,8
AL,9
AL,10
AL,14
AR,1
AR,2
AR,3
AR,4
AR,5
AR,6
AR,7
AR,8
AR,10
AR,29
AZ,1
AZ,2
AZ,3
AZ,4
AZ,5
AZ,6
AZ,7
AZ,8
AZ,9
AZ,12
CA,1
CA,2
CA,3
CA,4
CA,5
CA,6
CA,7
CA,8
CA,9
CA,10
CA,11
CA,12
CA,13
CA,14
CA,15
CA,16
CA,17
CA,18
CA,19
CA,20
CA,21
CA,22
CA,23
CA,24
CA,25
CA,26
CA,27
CA,28
CA,29
CA,30
CA,31
CA,32
CA,33
CA,34
CA,35
CA,36
CA,37
CA,38
CA,39
CA,40
CA,41
CA,42
CA,43
CA,44
CA,45
CA,46
CA,47
CA,48
CA,49
CA,50
CA,51
CA,52
CA,53
